-- MySQL dump 10.13  Distrib 8.0.29, for Win64 (x86_64)
--
-- Host: 127.0.0.1    Database: korq_quiz
-- ------------------------------------------------------
-- Server version	8.0.29

/*!40101 SET @OLD_CHARACTER_SET_CLIENT=@@CHARACTER_SET_CLIENT */;
/*!40101 SET @OLD_CHARACTER_SET_RESULTS=@@CHARACTER_SET_RESULTS */;
/*!40101 SET @OLD_COLLATION_CONNECTION=@@COLLATION_CONNECTION */;
/*!50503 SET NAMES utf8 */;
/*!40103 SET @OLD_TIME_ZONE=@@TIME_ZONE */;
/*!40103 SET TIME_ZONE='+00:00' */;
/*!40014 SET @OLD_UNIQUE_CHECKS=@@UNIQUE_CHECKS, UNIQUE_CHECKS=0 */;
/*!40014 SET @OLD_FOREIGN_KEY_CHECKS=@@FOREIGN_KEY_CHECKS, FOREIGN_KEY_CHECKS=0 */;
/*!40101 SET @OLD_SQL_MODE=@@SQL_MODE, SQL_MODE='NO_AUTO_VALUE_ON_ZERO' */;
/*!40111 SET @OLD_SQL_NOTES=@@SQL_NOTES, SQL_NOTES=0 */;

--
-- Table structure for table `korq_category`
--

DROP TABLE IF EXISTS `korq_category`;
/*!40101 SET @saved_cs_client     = @@character_set_client */;
/*!50503 SET character_set_client = utf8mb4 */;
CREATE TABLE `korq_category` (
  `CATEGORY_ID` bigint NOT NULL AUTO_INCREMENT,
  `CATEGORY_TITLE` varchar(50) DEFAULT NULL,
  PRIMARY KEY (`CATEGORY_ID`)
) ENGINE=InnoDB AUTO_INCREMENT=4 DEFAULT CHARSET=utf8mb4 COLLATE=utf8mb4_0900_ai_ci;
/*!40101 SET character_set_client = @saved_cs_client */;

--
-- Dumping data for table `korq_category`
--

LOCK TABLES `korq_category` WRITE;
/*!40000 ALTER TABLE `korq_category` DISABLE KEYS */;
INSERT INTO `korq_category` VALUES (1,'WORD TEST'),(2,'WRITE TEST'),(3,'READ TEST');
/*!40000 ALTER TABLE `korq_category` ENABLE KEYS */;
UNLOCK TABLES;

--
-- Table structure for table `korq_question`
--

DROP TABLE IF EXISTS `korq_question`;
/*!40101 SET @saved_cs_client     = @@character_set_client */;
/*!50503 SET character_set_client = utf8mb4 */;
CREATE TABLE `korq_question` (
  `QUESTION_ID` bigint NOT NULL AUTO_INCREMENT,
  `QUESTION_TEXT` varchar(500) DEFAULT NULL,
  `QUESTION_TYPE` varchar(50) DEFAULT NULL,
  PRIMARY KEY (`QUESTION_ID`)
) ENGINE=InnoDB AUTO_INCREMENT=4771 DEFAULT CHARSET=utf8mb4 COLLATE=utf8mb4_0900_ai_ci;
/*!40101 SET character_set_client = @saved_cs_client */;

--
-- Dumping data for table `korq_question`
--

LOCK TABLES `korq_question` WRITE;
/*!40000 ALTER TABLE `korq_question` DISABLE KEYS */;
INSERT INTO `korq_question` VALUES (4621,'위통','WORD'),(4622,' 학생 식당','WORD'),(4623,'공무원','WORD'),(4624,'전화하다','WORD'),(4625,'연락처','WORD'),(4626,'책상','WORD'),(4627,'그림','WORD'),(4628,'지도','WORD'),(4629,'음료수','WORD'),(4630,'에어컨','WORD'),(4631,'공책','WORD'),(4632,'교실','WORD'),(4633,'컴퓨터','WORD'),(4634,'벽','WORD'),(4635,'표현','WORD'),(4636,'근처','WORD'),(4637,'학교','WORD'),(4638,'기숙가','WORD'),(4639,'아파트','WORD'),(4640,'은행','WORD'),(4641,'회사원','WORD'),(4642,'얼마','WORD'),(4643,'술','WORD'),(4644,'그릇','WORD'),(4645,'연구실','WORD'),(4646,'주다','WORD'),(4647,' 전철','WORD'),(4648,'다방','WORD'),(4649,'생일','WORD'),(4650,'지내다','WORD'),(4651,'편지','WORD'),(4652,'수첩','WORD'),(4653,'연필','WORD'),(4654,'경영학','WORD'),(4655,'춤을 추다','WORD'),(4656,'노래를 부르다','WORD'),(4657,'약','WORD'),(4658,'축구','WORD'),(4659,'피아노','WORD'),(4660,'관광학','WORD'),(4661,'역사','WORD'),(4662,'떡국','WORD'),(4663,'갈비탕','WORD'),(4664,'김치찌개','WORD'),(4665,'된장찌개','WORD'),(4666,'냉면','WORD'),(4667,'생선찌개','WORD'),(4668,'미역국','WORD'),(4669,'맥주','WORD'),(4670,'시다','WORD'),(4671,'짜다','WORD'),(4672,'달다','WORD'),(4673,'쓰다','WORD'),(4674,'맵다','WORD'),(4675,'식초','WORD'),(4676,'간장','WORD'),(4677,'설탕','WORD'),(4678,'한약','WORD'),(4679,'인삼','WORD'),(4680,'레몬','WORD'),(4681,'소금','WORD'),(4682,'스파게티','WORD'),(4683,'삼계탕','WORD'),(4684,'한식','WORD'),(4685,'조용하다','WORD'),(4686,'재미있다','WORD'),(4687,'가게','WORD'),(4688,'시키다','WORD'),(4689,'친절하다','WORD'),(4690,'인분','WORD'),(4691,'길','WORD'),(4692,'내일','WORD'),(4693,'그저께','WORD'),(4694,'개천절','WORD'),(4695,'추석','WORD'),(4696,'Giày thể thao','WORD'),(4697,'Nhà trẻ, mẫu giáo','WORD'),(4698,'Thi cuối kỳ','WORD'),(4699,'Chìa khóa','WORD'),(4700,'Ngày lập hiến pháp','WORD'),(4701,'Ngày chữ Hàn','WORD'),(4702,'Giao hàng','WORD'),(4703,'Miễn phí','WORD'),(4704,'Chung cư','WORD'),(4705,'Phòng nghiên cứu','WORD'),(4706,'Tắm','WORD'),(4707,'Dâu tây','WORD'),(4708,'Kế hoạch','WORD'),(4709,'Thi giữa kì','WORD'),(4710,'Chuyến du lịch','WORD'),(4711,'Tiết học','WORD'),(4712,'Ngày lễ','WORD'),(4713,'Canh đậu phụ','WORD'),(4714,'Sạch sẽ','WORD'),(4715,'Giá cả','WORD'),(4716,'Dơ, bẩn','WORD'),(4717,'Âm nhạc','WORD'),(4718,'Lễ Quốc Khánh','WORD'),(4719,'Điền vào','WORD'),(4720,'Bảng kế hoạch','WORD'),(4721,'Cuộc hẹn','WORD'),(4722,'Tờ lịch','WORD'),(4723,'Chỗ trống','WORD'),(4724,'Giống nhau','WORD'),(4725,'Khác nhau','WORD'),(4726,'Lò sưởi','WORD'),(4727,'Lẫn nhau, cùng nhau','WORD'),(4728,'Nở, trổ','WORD'),(4729,'Sách giáo khoa','WORD'),(4730,'Nhà ga','WORD'),(4731,'Kem, cà rem','WORD'),(4732,'Nắm tay, bắt tay','WORD'),(4733,'Phế phẩm','WORD'),(4734,'Tốt','WORD'),(4735,'Rẻ','WORD'),(4736,'Thỉnh thoảng','WORD'),(4737,'Dễ dàng','WORD'),(4738,'Khó khăn','WORD'),(4739,'Thiệp sinh nhật','WORD'),(4740,'Chỗ làm','WORD'),(4741,'Công ty thương mại','WORD'),(4742,'Sửa chữa','WORD'),(4743,'Giường','WORD'),(4744,'Bó hoa','WORD'),(4745,'Lên xe','WORD'),(4746,'Cuối kỳ','WORD'),(4747,'Leo núi','WORD'),(4748,'Nghỉ ngơi','WORD'),(4749,'Tia nắng','WORD'),(4750,'Chờ đợi','WORD'),(4751,'Âm thanh','WORD'),(4752,'Bắt đầu','WORD'),(4753,'Kết thúc','WORD'),(4754,'Sinh nhật','WORD'),(4755,'Món quà','WORD'),(4756,'Mặt trời mọc','WORD'),(4757,'Nói chuyện','WORD'),(4758,'Đi vào','WORD'),(4759,'Đặt, để','WORD'),(4760,'Bảng giá','WORD'),(4761,'Bữa tiệc','WORD'),(4762,'Trễ muộn','WORD'),(4763,'Thức dậy','WORD'),(4764,'Nhà báo','WORD'),(4765,'Không nghỉ trong năm','WORD'),(4766,'Thịt ba chỉ nướng','WORD'),(4767,'Cổng vào','WORD'),(4768,'Nhà ngoại giao','WORD'),(4769,'Sân bay','WORD'),(4770,'Nội trợ','WORD');
/*!40000 ALTER TABLE `korq_question` ENABLE KEYS */;
UNLOCK TABLES;

--
-- Table structure for table `korq_question_answer`
--

DROP TABLE IF EXISTS `korq_question_answer`;
/*!40101 SET @saved_cs_client     = @@character_set_client */;
/*!50503 SET character_set_client = utf8mb4 */;
CREATE TABLE `korq_question_answer` (
  `ANSWER_ID` bigint NOT NULL AUTO_INCREMENT,
  `QUESTION_ID` bigint DEFAULT NULL,
  `ANSWER_TEXT` varchar(50) DEFAULT NULL,
  `ANSWER_CORRECT` double DEFAULT NULL,
  `ANSWER_ORDINAL` bigint DEFAULT NULL COMMENT 'số thứ tự câu trả lời',
  PRIMARY KEY (`ANSWER_ID`),
  KEY `QUESTION_ID` (`QUESTION_ID`),
  CONSTRAINT `FK_korq_question_answer_korq_question` FOREIGN KEY (`QUESTION_ID`) REFERENCES `korq_question` (`QUESTION_ID`)
) ENGINE=InnoDB AUTO_INCREMENT=12966 DEFAULT CHARSET=utf8mb4 COLLATE=utf8mb4_0900_ai_ci;
/*!40101 SET character_set_client = @saved_cs_client */;

--
-- Dumping data for table `korq_question_answer`
--

LOCK TABLES `korq_question_answer` WRITE;
/*!40000 ALTER TABLE `korq_question_answer` DISABLE KEYS */;
INSERT INTO `korq_question_answer` VALUES (12366,4621,'Lời mời',1,1),(12367,4621,'Bữa ăn',1,2),(12368,4621,'Đau dạ dày',0,3),(12369,4621,'Tham quan',0,4),(12370,4622,'Thẻ nhà báo',0,1),(12371,4622,'Căn-tin học sinh',1,2),(12372,4622,'Tòa soạn báo',1,3),(12373,4622,'Thẻ xe',0,4),(12374,4623,'Công chức',1,1),(12375,4623,'Ngân hàng',0,2),(12376,4623,'Văn phòng',0,3),(12377,4623,'Bưu điện',0,4),(12378,4624,'Gọi điện thoại ',1,1),(12379,4624,'Số điện thoại',0,2),(12380,4624,'Địa chỉ',0,3),(12381,4624,'Ngày',0,4),(12382,4625,'Tờ lịch',0,1),(12383,4625,'Bút bi',0,2),(12384,4625,'Sách',0,3),(12385,4625,'Địa chỉ liên lạc',1,4),(12386,4626,'Cái bàn ',1,1),(12387,4626,'Cục tẩy',0,2),(12388,4626,'Từ điển',0,3),(12389,4626,'Đồng hồ',0,4),(12390,4627,'Bức tranh',1,1),(12391,4627,'Bức ảnh',0,2),(12392,4627,'Nhà sách ',0,3),(12393,4627,'Từ điển',0,4),(12394,4628,'Bức tường',0,1),(12395,4628,'Bản đồ ',1,2),(12396,4628,'Bánh',0,3),(12397,4628,'Tờ lịch',0,4),(12398,4629,'Bức thư',0,1),(12399,4629,'Nước uống',1,2),(12400,4629,'Chìa khóa',0,3),(12401,4629,'Đồng xu',0,4),(12402,4630,'Tủ lạnh',0,1),(12403,4630,'Cái giường ',0,2),(12404,4630,'Máy lạnh',1,3),(12405,4630,'Máy giặt ',0,4),(12406,4631,'Quyển vở  ',1,1),(12407,4631,'Truyện tranh',0,2),(12408,4631,'Giáo trình',0,3),(12409,4631,'Phim ảnh',0,4),(12410,4632,'Hội chợ  ',0,1),(12411,4632,'Phòng học',1,2),(12412,4632,'Văn phòng',0,3),(12413,4632,'Nhà hàng',0,4),(12414,4633,'Máy tính ',1,1),(12415,4633,'Điều hòa',0,2),(12416,4633,'Cái bàn',0,3),(12417,4633,'Túi xách ',0,4),(12418,4634,'Cái giếng',0,1),(12419,4634,'Sàn nhà',0,2),(12420,4634,'Bức tường ',1,3),(12421,4634,'Phòng khách',0,4),(12422,4635,'Chung cư',0,1),(12423,4635,'Biểu hiện',1,2),(12424,4635,'Khách sạn',0,3),(12425,4635,'Phòng học',0,4),(12426,4636,'Xa',0,1),(12427,4636,'Gần',1,2),(12428,4636,'Trên',0,3),(12429,4636,'Dưới',0,4),(12430,4637,'Nhà thờ ',0,1),(12431,4637,'Chùa',0,2),(12432,4637,'Xã hội',0,3),(12433,4637,'Trường học',1,4),(12434,4638,'Chung cư',0,1),(12435,4638,'Nhà hàng',0,2),(12436,4638,'Kí túc xá',1,3),(12437,4638,'Nhà trọ',0,4),(12438,4639,'Chung cư',1,1),(12439,4639,'Nhà sách',0,2),(12440,4639,'Thư viện',0,3),(12441,4639,'Đại sức quán',0,4),(12442,4640,'Ngân hàng',1,1),(12443,4640,'Trạm xăng',0,2),(12444,4640,'Siêu thị',0,3),(12445,4640,'Công ty thương mại',0,4),(12446,4641,'Bác sĩ',0,1),(12447,4641,'Luật sư',0,2),(12448,4641,'Y tá',0,3),(12449,4641,'Nhân viên',1,4),(12450,4642,'Ở đâu',0,1),(12451,4642,'Ai',0,2),(12452,4642,'Bao nhiêu',1,3),(12453,4642,'Cái nào',0,4),(12454,4643,'Bia',0,1),(12455,4643,'7up',0,2),(12456,4643,'Đồ uống',0,3),(12457,4643,'Rượu',1,4),(12458,4644,'Ly',0,1),(12459,4644,'Tô, chén',1,2),(12460,4644,'Bình',0,3),(12461,4644,'Cái',0,4),(12462,4645,'Phòng nghiên cứu',1,1),(12463,4645,'Văn phòng',0,2),(12464,4645,'Hội trường',0,3),(12465,4645,'Căn tin',0,4),(12466,4646,'Nhận',0,1),(12467,4646,'Cho',1,2),(12468,4646,'Gọi',0,3),(12469,4646,'Biếu, Dâng',0,4),(12470,4647,'Tàu điện ngầm',0,1),(12471,4647,'Máy bay',0,2),(12472,4647,'Tàu điện',1,3),(12473,4647,'Xe buýt cao tốc',0,4),(12474,4648,'Thư viện',0,1),(12475,4648,'Cửa hàng tiện lợi',0,2),(12476,4648,'Trung tâm thương mại',0,3),(12477,4648,'Phòng trà',1,4),(12478,4649,'Sinh nhật',1,1),(12479,4649,'Trung thu',0,2),(12480,4649,'Tết',0,3),(12481,4649,'Kì nghỉ',0,4),(12482,4650,'Gửi',1,1),(12483,4650,'Nhận',0,2),(12484,4650,'Trải qua',0,3),(12485,4650,'Cho',0,4),(12486,4651,'Nhật kí',0,1),(12487,4651,'Tiểu thuyết',0,2),(12488,4651,'Thơ',0,3),(12489,4651,'Bức thư',1,4),(12490,4652,'Bức hình',0,1),(12491,4652,'Nhật kí ',0,2),(12492,4652,'Sổ tay',1,3),(12493,4652,'Quà lưu niệm',0,4),(12494,4653,'Cục tẩy',0,1),(12495,4653,'Bút chì',1,2),(12496,4653,'Thơ',0,3),(12497,4653,'Nhật kí',0,4),(12498,4654,'Kinh doanh học  ',1,1),(12499,4654,'Ngôn ngữ học',0,2),(12500,4654,'Lịch sử học',0,3),(12501,4654,'Du lịch học',0,4),(12502,4655,'Hát',0,1),(12503,4655,'Ngủ',0,2),(12504,4655,'Nhảy',1,3),(12505,4655,'Vẽ tranh',0,4),(12506,4656,'Chụp hình ',0,1),(12507,4656,'Hát ',1,2),(12508,4656,'Múa',0,3),(12509,4656,'Nhảy',0,4),(12510,4657,'Quýt',0,1),(12511,4657,'Mật ong',0,2),(12512,4657,'Thuốc',1,3),(12513,4657,'Muối',0,4),(12514,4658,'Bóng chày ',0,1),(12515,4658,'Bóng rổ',0,2),(12516,4658,'Bóng chuyến',0,3),(12517,4658,'Bóng đá',1,4),(12518,4659,'Piano',1,1),(12519,4659,'Ghi-ta ',0,2),(12520,4659,'Bóng đá',0,3),(12521,4659,'Bơi',0,4),(12522,4660,'Lịch sử học',0,1),(12523,4660,'Du lịch học',1,2),(12524,4660,'Kinh tế học ',0,3),(12525,4660,'Kinh doanh học',0,4),(12526,4661,'Lịch sử',1,1),(12527,4661,'Dược sĩ',0,2),(12528,4661,'Bác sĩ',0,3),(12529,4661,'Ngôn ngữ',0,4),(12530,4662,'Canh kim chi',0,1),(12531,4662,'Thịt ba chỉ',0,2),(12532,4662,'Canh bánh bột gạo ',1,3),(12533,4662,'Canh đậu phụ',0,4),(12534,4663,'Canh sườn',1,1),(12535,4663,'Canh bò hầm',0,2),(12536,4663,'Canh cá',0,3),(12537,4663,'Mì lạnh',0,4),(12538,4664,'Canh bò hầm',0,1),(12539,4664,'Canh kim chi',1,2),(12540,4664,'Canh tương',0,3),(12541,4664,'Thịt nướng',0,4),(12542,4665,'Mì tương đen  ',0,1),(12543,4665,'Mỳ lạnh',0,2),(12544,4665,'Canh tương',1,3),(12545,4665,'Mì xào',0,4),(12546,4666,'Mì lạnh',1,1),(12547,4666,'Mì tôm',0,2),(12548,4666,'Lẩu',0,3),(12549,4666,'Mì tương đen',0,4),(12550,4667,'Sườn chua ngọt',0,1),(12551,4667,'Canh cá',1,2),(12552,4667,'Mì lạnh',0,3),(12553,4667,'Thịt nướng',0,4),(12554,4668,'Nước Mỹ',0,1),(12555,4668,'Mỹ thuật',0,2),(12556,4668,'Canh rong biển',1,3),(12557,4668,'Canh tương',0,4),(12558,4669,'Thuốc lá',0,1),(12559,4669,'Trái cây',0,2),(12560,4669,'Bia',1,3),(12561,4669,'Quần áo',0,4),(12562,4670,'Cay',0,1),(12563,4670,'Chua',1,2),(12564,4670,'Mặn',0,3),(12565,4670,'Ngọt',0,4),(12566,4671,'Nhạt',0,1),(12567,4671,'Đắng',0,2),(12568,4671,'Trà',0,3),(12569,4671,'Mặn',1,4),(12570,4672,'Ngọt',1,1),(12571,4672,'Chua',0,2),(12572,4672,'Mặn',0,3),(12573,4672,'Cay',0,4),(12574,4673,'Nói',0,1),(12575,4673,'Nhạt',0,2),(12576,4673,'Đắng',1,3),(12577,4673,'Chua ',0,4),(12578,4674,'Nóng',0,1),(12579,4674,'Cay',1,2),(12580,4674,'Lạnh',0,3),(12581,4674,'Mát',0,4),(12582,4675,'Muối',0,1),(12583,4675,'Tương',0,2),(12584,4675,'Giấm',1,3),(12585,4675,'Chanh',0,4),(12586,4676,'Nước tương',1,1),(12587,4676,'Tương ớt',0,2),(12588,4676,'Tỏi',0,3),(12589,4676,'Hành',0,4),(12590,4677,'Kẹo',0,1),(12591,4677,'Đường',1,2),(12592,4677,'Mật ong',0,3),(12593,4677,'Muối',0,4),(12594,4678,'Thuốc lá',0,1),(12595,4678,'Rượu',0,2),(12596,4678,'Bia',0,3),(12597,4678,'Thuốc bắc',1,4),(12598,4679,'Ba người',0,1),(12599,4679,'Ba phần',0,2),(12600,4679,'Nhân sâm',1,3),(12601,4679,'Thuốc bổ',0,4),(12602,4680,'Canh',0,1),(12603,4680,'Chanh',1,2),(12604,4680,'Mật ong',0,3),(12605,4680,'Quýt',0,4),(12606,4681,'Một chút',0,1),(12607,4681,'Nhiều ',0,2),(12608,4681,'Muối',1,3),(12609,4681,'Đường',0,4),(12610,4682,'Mì tương đen',0,1),(12611,4682,'Mì lạnh',0,2),(12612,4682,'Mì xào',0,3),(12613,4682,'Mì Ý',1,4),(12614,4683,'Gà hầm sâm',1,1),(12615,4683,'Gà nướng',0,2),(12616,4683,'Gà luộc',0,3),(12617,4683,'Thịt ba chỉ',0,4),(12618,4684,'Món ăn',0,1),(12619,4684,'Món phụ',0,2),(12620,4684,'Món Hàn',1,3),(12621,4684,'Món Nhật',0,4),(12622,4685,'Yên lặng',1,1),(12623,4685,'Ồn ào',0,2),(12624,4685,'Thú vị ',0,3),(12625,4685,'Vất vả',0,4),(12626,4686,'Chuẩn bị',0,1),(12627,4686,'Nhiều loại',0,2),(12628,4686,'Nơi này nơi kia',0,3),(12629,4686,'Thú vị',1,4),(12630,4687,'Cửa hàng',1,1),(12631,4687,'Nhà hàng',0,2),(12632,4687,'Nhà sách',0,3),(12633,4687,'Nhà',0,4),(12634,4688,'Giữ hẹn',0,1),(12635,4688,'Gọi món',1,2),(12636,4688,'Cho xem',0,3),(12637,4688,'Giới thiệu',0,4),(12638,4689,'Hiền lành',0,1),(12639,4689,'Thông minh',0,2),(12640,4689,'Thân thiện',1,3),(12641,4689,'Lạnh lùng',0,4),(12642,4690,'Nhật Bản ',0,1),(12643,4690,'Phần ăn',1,2),(12644,4690,'Gọi món',0,3),(12645,4690,'Thực đơn',0,4),(12646,4691,'Con đường',1,1),(12647,4691,'Con sông',0,2),(12648,4691,'Dài',0,3),(12649,4691,'Ngắn',0,4),(12650,4692,'Hôm qua  ',0,1),(12651,4692,'Hôm kia ',0,2),(12652,4692,'Ngày mai',1,3),(12653,4692,'Ngày mốt',0,4),(12654,4693,'Cuối tuần',0,1),(12655,4693,'Hôm nay ',0,2),(12656,4693,'Lần sau',0,3),(12657,4693,'Hôm kia',1,4),(12658,4694,'Trung thu',0,1),(12659,4694,'Giáng sinh',0,2),(12660,4694,'Quốc khánh',1,3),(12661,4694,'Sinh nhật',0,4),(12662,4695,'Ngày lập hiến ',0,1),(12663,4695,'Trung thu',1,2),(12664,4695,'Sinh nhật ',0,3),(12665,4695,'Tết',0,4),(12666,4696,'연락',0,1),(12667,4696,'연락저',0,2),(12668,4696,'운동화',1,3),(12669,4696,'연락자',0,4),(12670,4697,'유치원',1,1),(12671,4697,'학생집',0,2),(12672,4697,'학생숙',0,3),(12673,4697,'숙학생',0,4),(12674,4698,'수영 시험',0,1),(12675,4698,'수업',0,2),(12676,4698,'기말 시험',1,3),(12677,4698,'시헙 시험',0,4),(12678,4699,'열쇠',1,1),(12679,4699,'연쉬',0,2),(12680,4699,'열쉬',0,3),(12681,4699,'지우개',0,4),(12682,4700,'제헌절',1,1),(12683,4700,'체헌절',0,2),(12684,4700,'제헌철',0,3),(12685,4700,'제헌쩔',0,4),(12686,4701,'추석',0,1),(12687,4701,'한글날',1,2),(12688,4701,'어버이날',0,3),(12689,4701,'스승날',0,4),(12690,4702,'시키다',0,1),(12691,4702,'주문하다',0,2),(12692,4702,'배달하다',1,3),(12693,4702,'보내다',0,4),(12694,4703,'무호',0,1),(12695,4703,'무료',1,2),(12696,4703,'무려',0,3),(12697,4703,'무로',0,4),(12698,4704,'가다',0,1),(12699,4704,'울다',0,2),(12700,4704,'아파트',1,3),(12701,4704,'기숙사',0,4),(12702,4705,'연구신',0,1),(12703,4705,'연구실',1,2),(12704,4705,'구경',0,3),(12705,4705,'사무실',0,4),(12706,4706,'사워하다',0,1),(12707,4706,'사워다',0,2),(12708,4706,'싸워하다',0,3),(12709,4706,'샤워하다',1,4),(12710,4707,'사과',0,1),(12711,4707,'딸기',1,2),(12712,4707,'바나나',0,3),(12713,4707,'딸끼',0,4),(12714,4708,'계획',1,1),(12715,4708,'방학',0,2),(12716,4708,'게획',0,3),(12717,4708,'케이크',0,4),(12718,4709,'기말 시험',0,1),(12719,4709,'중간 시험',1,2),(12720,4709,'중시험',0,3),(12721,4709,'시험',0,4),(12722,4710,'광광',0,1),(12723,4710,'광학',0,2),(12724,4710,'관광',1,3),(12725,4710,'형광',0,4),(12726,4711,'교시',1,1),(12727,4711,'교실',0,2),(12728,4711,'고시',0,3),(12729,4711,'교씨',0,4),(12730,4712,'명철',0,1),(12731,4712,'멸정',0,2),(12732,4712,'멸청',0,3),(12733,4712,'명절',1,4),(12734,4713,'순두부지개',0,1),(12735,4713,'생선찌개',0,2),(12736,4713,'생선지개',0,3),(12737,4713,'순두부찌개',1,4),(12738,4714,'깨긋하다',0,1),(12739,4714,'깨끗하다',1,2),(12740,4714,'운동하다',0,3),(12741,4714,'시험',0,4),(12742,4715,'값',1,1),(12743,4715,'간',0,2),(12744,4715,'손',0,3),(12745,4715,'나이',0,4),(12746,4716,'더럽다',1,1),(12747,4716,'더렵다',0,2),(12748,4716,'어렵다',0,3),(12749,4716,'달다',0,4),(12750,4717,'음식',0,1),(12751,4717,'편지',0,2),(12752,4717,'음악',1,3),(12753,4717,'내용',0,4),(12754,4718,'개전철',0,1),(12755,4718,'개천절',1,2),(12756,4718,'개찬절',0,3),(12757,4718,'개절찬',0,4),(12758,4719,'체우다',0,1),(12759,4719,'재우다',0,2),(12760,4719,'째우다',0,3),(12761,4719,'채우다',1,4),(12762,4720,'계획표',1,1),(12763,4720,'게획표',0,2),(12764,4720,'게획포',0,3),(12765,4720,'계획포',0,4),(12766,4721,'수업',0,1),(12767,4721,'지각',0,2),(12768,4721,'생각',0,3),(12769,4721,'약속',1,4),(12770,4722,'단력',0,1),(12771,4722,'달력',1,2),(12772,4722,'다리',0,3),(12773,4722,'팔',0,4),(12774,4723,'진찬',0,1),(12775,4723,'빈간',0,2),(12776,4723,'빈칸',1,3),(12777,4723,'빈깐',0,4),(12778,4724,'같다',1,1),(12779,4724,'닽다',0,2),(12780,4724,'갖다',0,3),(12781,4724,'갘다',0,4),(12782,4725,'드리다',0,1),(12783,4725,'다르다',1,2),(12784,4725,'따르다',0,3),(12785,4725,'타르디',0,4),(12786,4726,'난노',0,1),(12787,4726,'날로',0,2),(12788,4726,'난로',1,3),(12789,4726,'날노',0,4),(12790,4727,'서루',0,1),(12791,4727,'서로',1,2),(12792,4727,'사러',0,3),(12793,4727,'사루',0,4),(12794,4728,'비다',0,1),(12795,4728,'바다',0,2),(12796,4728,'피다',1,3),(12797,4728,'피우다',0,4),(12798,4729,'교과서',1,1),(12799,4729,'고과서',0,2),(12800,4729,'교과수',0,3),(12801,4729,'고과수',0,4),(12802,4730,'정류장',0,1),(12803,4730,'약',0,2),(12804,4730,'역',1,3),(12805,4730,'버스',0,4),(12806,4731,'아스그림',0,1),(12807,4731,'아이스그림',0,2),(12808,4731,'아스끄림',0,3),(12809,4731,'아이스크림',1,4),(12810,4732,'손이 잡다',0,1),(12811,4732,'손을 잡다',1,2),(12812,4732,'손이좁다',0,3),(12813,4732,'손을 좁다 ',0,4),(12814,4733,'페품',0,1),(12815,4733,'페붐',0,2),(12816,4733,'폐품',1,3),(12817,4733,'베품',0,4),(12818,4734,'좋아하다',0,1),(12819,4734,'좋다',1,2),(12820,4734,'좋아다',0,3),(12821,4734,'나쁘다',0,4),(12822,4735,'싸다',1,1),(12823,4735,'비싸다',0,2),(12824,4735,'맛있다',0,3),(12825,4735,'맛없다',0,4),(12826,4736,'가끔',1,1),(12827,4736,'자주',0,2),(12828,4736,'조금',0,3),(12829,4736,'일찍',0,4),(12830,4737,'쉬다',0,1),(12831,4737,'어렵다',0,2),(12832,4737,'먹다',0,3),(12833,4737,'쉽다',1,4),(12834,4738,'맵다',0,1),(12835,4738,'어렵다',1,2),(12836,4738,'쓰다',0,3),(12837,4738,'여려다',0,4),(12838,4739,'전화 카드',0,1),(12839,4739,'기차 표',0,2),(12840,4739,'생일 카드',1,3),(12841,4739,'포도',0,4),(12842,4740,'직장',1,1),(12843,4740,'칙장',0,2),(12844,4740,'찍장',0,3),(12845,4740,'직창',0,4),(12846,4741,'경영 회사',0,1),(12847,4741,'회사',0,2),(12848,4741,'경영자',0,3),(12849,4741,'무역 화사',1,4),(12850,4742,'고지다',0,1),(12851,4742,'고치다',1,2),(12852,4742,'고르다',0,3),(12853,4742,'대답하다',0,4),(12854,4743,'옷창',0,1),(12855,4743,'옷장',0,2),(12856,4743,'짐대',0,3),(12857,4743,'침대',1,4),(12858,4744,'꽂따발',0,1),(12859,4744,'똦다발',0,2),(12860,4744,'꽃다발',1,3),(12861,4744,'꽃따발',0,4),(12862,4745,'타다',1,1),(12863,4745,'따다',0,2),(12864,4745,'다르다',0,3),(12865,4745,'같다',0,4),(12866,4746,'주말',0,1),(12867,4746,'중간',0,2),(12868,4746,'시험',0,3),(12869,4746,'기말',1,4),(12870,4747,'뜰간',0,1),(12871,4747,'뜽산',0,2),(12872,4747,'수엉',0,3),(12873,4747,'등산',1,4),(12874,4748,'쉬다',1,1),(12875,4748,'쓰다',0,2),(12876,4748,'듣다',0,3),(12877,4748,'읽다',0,4),(12878,4749,'햇볒',0,1),(12879,4749,'헷볕',0,2),(12880,4749,'햇볕',1,3),(12881,4749,'햇볏',0,4),(12882,4750,'기다다',0,1),(12883,4750,'기다리다',1,2),(12884,4750,'주다',0,3),(12885,4750,'드리다',0,4),(12886,4751,'소리',1,1),(12887,4751,'노래',0,2),(12888,4751,'내용',0,3),(12889,4751,'문자',0,4),(12890,4752,'달리다',0,1),(12891,4752,'내리다',0,2),(12892,4752,'고르다',0,3),(12893,4752,'시작하다',1,4),(12894,4753,'생각하다',0,1),(12895,4753,'끝나다',1,2),(12896,4753,'대답하다',0,3),(12897,4753,'산책하다',0,4),(12898,4754,'추석',0,1),(12899,4754,'설날',0,2),(12900,4754,'생일',1,3),(12901,4754,'명절',0,4),(12902,4755,'사과',0,1),(12903,4755,'선물',1,2),(12904,4755,'물건',0,3),(12905,4755,'건물',0,4),(12906,4756,'해돚이',0,1),(12907,4756,'해도지',0,2),(12908,4756,'해도디',0,3),(12909,4756,'해돋이',1,4),(12910,4757,'내리다',0,1),(12911,4757,'나가다',0,2),(12912,4757,'이야기하다',1,3),(12913,4757,'들어가다',0,4),(12914,4758,'올라가다',0,1),(12915,4758,'내려가다',0,2),(12916,4758,'들어오다',1,3),(12917,4758,'돌아가다',0,4),(12918,4759,'놓다',1,1),(12919,4759,'넣다',0,2),(12920,4759,'낳다',0,3),(12921,4759,'쌓이다',0,4),(12922,4760,'자림표',0,1),(12923,4760,'짜림표',0,2),(12924,4760,'차림포',0,3),(12925,4760,'차림표',1,4),(12926,4761,'파티',1,1),(12927,4761,'카드',0,2),(12928,4761,'수업',0,3),(12929,4761,'시험',0,4),(12930,4762,'이르다',0,1),(12931,4762,'늦다',1,2),(12932,4762,'쉬다',0,3),(12933,4762,'맑다',0,4),(12934,4763,'주문하다',0,1),(12935,4763,'자다',0,2),(12936,4763,'일어나다',1,3),(12937,4763,'지키다',0,4),(12938,4764,'기차',0,1),(12939,4764,'기자',1,2),(12940,4764,'의사',0,3),(12941,4764,'주부',0,4),(12942,4765,'음료수',0,1),(12943,4765,'정류장',0,2),(12944,4765,'삼계탕',0,3),(12945,4765,'연중무휴',1,4),(12946,4766,'삼계탕',0,1),(12947,4766,'갈비탕',0,2),(12948,4766,'삼겹살',1,3),(12949,4766,'삼꼅살',0,4),(12950,4767,'출구',0,1),(12951,4767,'입구',1,2),(12952,4767,'잎구',0,3),(12953,4767,'창문',0,4),(12954,4768,'간호사',0,1),(12955,4768,'사진관',0,2),(12956,4768,'외교관',1,3),(12957,4768,'대사관',0,4),(12958,4769,'공항',1,1),(12959,4769,'한강',0,2),(12960,4769,'다리',0,3),(12961,4769,'시장',0,4),(12962,4770,'교수',0,1),(12963,4770,'주부',1,2),(12964,4770,'선생님',0,3),(12965,4770,'학생',0,4);
/*!40000 ALTER TABLE `korq_question_answer` ENABLE KEYS */;
UNLOCK TABLES;

--
-- Table structure for table `korq_result_test`
--

DROP TABLE IF EXISTS `korq_result_test`;
/*!40101 SET @saved_cs_client     = @@character_set_client */;
/*!50503 SET character_set_client = utf8mb4 */;
CREATE TABLE `korq_result_test` (
  `RESULT_ID` int NOT NULL AUTO_INCREMENT,
  `NAME_USER` varchar(45) DEFAULT NULL,
  `TIME` varchar(45) DEFAULT NULL,
  `NUM_QUEST` int DEFAULT NULL,
  `POINT` double DEFAULT NULL,
  `TYPE` varchar(45) DEFAULT NULL,
  `SUBMIT_AT` datetime DEFAULT NULL,
  PRIMARY KEY (`RESULT_ID`)
) ENGINE=InnoDB AUTO_INCREMENT=33 DEFAULT CHARSET=utf8mb4 COLLATE=utf8mb4_0900_ai_ci;
/*!40101 SET character_set_client = @saved_cs_client */;

--
-- Dumping data for table `korq_result_test`
--

LOCK TABLES `korq_result_test` WRITE;
/*!40000 ALTER TABLE `korq_result_test` DISABLE KEYS */;
INSERT INTO `korq_result_test` VALUES (1,'Trung Anh','1200',50,0.2,'WORD',NULL),(2,'Trung Anh','300',20,0.1,'WRITE TEST',NULL),(3,'Trung Anh','300',10,0.3,'WRITE TEST',NULL),(4,'Trung Anh','300',20,0.1,'WORD TEST',NULL),(5,'A','12',21,2,'21','2022-06-24 14:57:45'),(6,'A','12',21,2,'21','2022-06-24 14:58:04'),(7,'A','12',21,2,'21','2022-06-24 14:58:12'),(8,'A','12',21,2,'21','2022-06-24 14:58:14'),(9,'Trung Anh','1200',20,0,'WORD TEST','2022-06-24 15:00:14'),(10,'Trung Anh','1200',20,0.25,'WORD TEST','2022-06-24 15:11:05'),(11,'Trung Anh','1200',20,0.3,'WORD TEST','2022-06-24 15:12:12'),(12,'Trung Anh','1200',20,2.5,'WORD TEST','2022-06-24 15:13:20'),(13,'Trung Anh','00:20:00',20,0,'WORD TEST','2022-06-24 15:19:22'),(14,'Trung Anh','00:05:00',20,3.5,'WRITE TEST','2022-06-24 15:22:15'),(15,'Nguyen Trung Anh','00:20:00',20,2,'WORD TEST','2022-06-24 15:28:31'),(16,'ssf','00:20:00',20,1,'WORD TEST','2022-06-24 16:07:41'),(17,'Nguyen Trung Anh','00:10:00',20,4,'WORD TEST','2022-06-24 16:19:27'),(18,'Trung Anh','00:01:32',50,2.4,'WORD TEST','2022-06-24 16:24:03'),(19,'A','00:00:32',50,1,'WORD TEST','2022-06-24 16:35:21'),(20,'A','00:05:00',10,0,'WORD TEST','2022-06-24 16:43:14'),(21,'A','00:04:36',10,0,'WORD TEST','2022-06-24 16:59:10'),(22,'A','00:00:42',20,1,'WORD TEST','2022-06-24 17:24:16'),(23,'Nguyen Trung Anh','00:02:16',50,1.6,'WRITE TEST','2022-06-24 17:27:40'),(24,'dfgdfg','00:01:30',20,3.5,'WORD TEST','2022-06-24 17:58:11'),(25,'Nguyen Trung Anh','00:00:05',20,0,'WORD TEST','2022-06-24 18:01:16'),(26,'dffgd','00:00:03',50,0,'WORD TEST','2022-06-24 18:03:17'),(27,'A','00:00:03',20,0,'WORD TEST','2022-06-27 09:18:43'),(28,'wegwe','00:00:08',20,0,'WORD TEST','2022-06-27 09:32:44'),(29,'a','00:01:04',50,1.8,'WORD TEST','2022-06-27 09:36:33'),(30,'eeh','00:00:42',20,2.5,'WORD TEST','2022-06-27 09:46:07'),(31,'ffewsfe','00:00:04',20,0,'WORD TEST','2022-06-27 09:57:16'),(32,'r','00:00:19',20,1,'WORD TEST','2022-06-27 10:03:52');
/*!40000 ALTER TABLE `korq_result_test` ENABLE KEYS */;
UNLOCK TABLES;

--
-- Table structure for table `korq_test`
--

DROP TABLE IF EXISTS `korq_test`;
/*!40101 SET @saved_cs_client     = @@character_set_client */;
/*!50503 SET character_set_client = utf8mb4 */;
CREATE TABLE `korq_test` (
  `TEST_ID` bigint NOT NULL AUTO_INCREMENT,
  `CATEGORY_ID` bigint DEFAULT NULL,
  `TEST_TITLE` varchar(50) DEFAULT NULL,
  `TEST_TYPE` varchar(50) DEFAULT NULL,
  `TEST_TIME` bigint DEFAULT NULL,
  `TEST_TOTAL_QUESTION` bigint DEFAULT NULL,
  PRIMARY KEY (`TEST_ID`),
  KEY `CATEGORY_ID` (`CATEGORY_ID`),
  CONSTRAINT `FK_korq_test_korq_category` FOREIGN KEY (`CATEGORY_ID`) REFERENCES `korq_category` (`CATEGORY_ID`)
) ENGINE=InnoDB AUTO_INCREMENT=2 DEFAULT CHARSET=utf8mb4 COLLATE=utf8mb4_0900_ai_ci;
/*!40101 SET character_set_client = @saved_cs_client */;

--
-- Dumping data for table `korq_test`
--

LOCK TABLES `korq_test` WRITE;
/*!40000 ALTER TABLE `korq_test` DISABLE KEYS */;
/*!40000 ALTER TABLE `korq_test` ENABLE KEYS */;
UNLOCK TABLES;

--
-- Table structure for table `korq_test_and_question`
--

DROP TABLE IF EXISTS `korq_test_and_question`;
/*!40101 SET @saved_cs_client     = @@character_set_client */;
/*!50503 SET character_set_client = utf8mb4 */;
CREATE TABLE `korq_test_and_question` (
  `QUESTION_ID` bigint DEFAULT NULL,
  `TEST_ID` bigint DEFAULT NULL,
  KEY `FK_korq_test_question_korq_test` (`TEST_ID`),
  KEY `FK_korq_test_question_korq_question` (`QUESTION_ID`),
  CONSTRAINT `FK_korq_test_question_korq_question` FOREIGN KEY (`QUESTION_ID`) REFERENCES `korq_question` (`QUESTION_ID`),
  CONSTRAINT `FK_korq_test_question_korq_test` FOREIGN KEY (`TEST_ID`) REFERENCES `korq_test` (`TEST_ID`)
) ENGINE=InnoDB DEFAULT CHARSET=utf8mb4 COLLATE=utf8mb4_0900_ai_ci;
/*!40101 SET character_set_client = @saved_cs_client */;

--
-- Dumping data for table `korq_test_and_question`
--

LOCK TABLES `korq_test_and_question` WRITE;
/*!40000 ALTER TABLE `korq_test_and_question` DISABLE KEYS */;
/*!40000 ALTER TABLE `korq_test_and_question` ENABLE KEYS */;
UNLOCK TABLES;
/*!40103 SET TIME_ZONE=@OLD_TIME_ZONE */;

/*!40101 SET SQL_MODE=@OLD_SQL_MODE */;
/*!40014 SET FOREIGN_KEY_CHECKS=@OLD_FOREIGN_KEY_CHECKS */;
/*!40014 SET UNIQUE_CHECKS=@OLD_UNIQUE_CHECKS */;
/*!40101 SET CHARACTER_SET_CLIENT=@OLD_CHARACTER_SET_CLIENT */;
/*!40101 SET CHARACTER_SET_RESULTS=@OLD_CHARACTER_SET_RESULTS */;
/*!40101 SET COLLATION_CONNECTION=@OLD_COLLATION_CONNECTION */;
/*!40111 SET SQL_NOTES=@OLD_SQL_NOTES */;

-- Dump completed on 2022-06-27 10:17:21
